id,frame,x,y,sigma_nm,intensity_photon,offset_photon,bkgstd_photon,uncertainty_xy_nm
25,4,2871.30553277952,2732.53215808494,271.203620908163,130201.703482739,5619.30154076718,1701.75673938243,31.0442347385962
37,6,2825.19625562037,1978.9670730027,146.867664138374,115588.874191637,6718.20402052805,1763.66070232267,11.3598233453234
44,7,2817.28322309293,2007.63707527667,167.606570473219,124258.052481822,5579.20323532982,1310.73461484849,10.0253413367923
120,15,2796.9592438259,1994.27223664759,153.932109758524,45739.9463175943,4850.95010073262,1415.07025634305,25.0887712343661
129,16,2817.35324827648,2006.37893593678,169.969581666257,239664.904330295,6106.07370927507,2121.14007565734,8.62372199935192
137,17,2814.56568986374,1994.33149061833,140.061603846217,124738.231755074,5816.30861198641,1606.42161838002,8.80427276459764
176,22,2815.23023779507,2040.3807479471,121.665058303034,94067.0835038518,5465.08448599001,1375.77905004058,7.79181444537144
183,23,2818.9082059057,2026.84224424032,146.849578563487,136160.927751866,5998.54690164149,1762.866045085,9.63947347241574
193,24,2798.20446312237,2009.2061041315,137.409269992034,132543.237843068,5844.70232471904,1698.69933204613,8.46453096230558
204,25,2811.73842959966,1997.19351173038,173.414249351417,177438.384148706,5218.10574712297,1935.70268799978,11.0333975363321
214,26,2819.97780221501,2002.13882960314,127.077207574794,129159.571429461,6486.97215496241,1400.00249718667,6.23738588758973
222,27,2820.64871171789,2018.44969091141,155.976771692726,158904.325287769,5666.34898801435,1736.92403194683,9.08874786943598
228,28,2804.30279053946,2012.2966455932,151.948079941532,160472.997340106,5199.87784236262,1837.86366469929,9.07509897807192
248,31,2830.12632002953,2020.68094940045,134.409031797981,87005.1063788309,5664.49366384765,1532.51070923855,11.1795354050469
324,43,2785.43945329127,1945.47034789338,124.131260319298,63085.3059838676,5373.68809159437,1355.40239505616,11.8457883944941
334,44,2800.41626764342,1963.50883360852,120.171012598689,56697.6978179624,5657.51687711823,1324.32462704612,12.168157171311
365,49,2795.921482593,2014.5521659228,159.415555809645,174286.173629232,5165.64023823842,1688.99947799846,8.39020717767437
370,50,2796.92225520883,2019.34771346864,162.970029774501,181244.558868487,5606.69937124818,1773.23091629553,8.82069325823901
378,51,2806.50330685726,2023.21497972361,115.931826392746,116521.077134115,6014.12586076941,1532.14509012473,6.44241093995261
387,52,2811.25512260037,2009.02414045912,117.191695494632,94350.2649737522,5883.64235423913,1755.10545299102,9.27401171066784
391,53,2769.86076988532,2003.73599493519,154.916258097254,73818.4679637614,4810.33017467861,1359.13776917316,15.1165936066639
406,55,2835.6248268611,2017.44263412114,139.895251003752,71212.7362955254,5465.9728322063,1647.17275686721,15.7642025718202
416,56,2815.35094822238,2015.45518324364,159.49564288571,131295.140702412,4947.78884743322,1639.01317815936,10.8138552283989
429,57,2838.77708993261,1984.29846064738,114.149611041617,85258.7886999242,5550.45841909496,1466.13713607297,8.19969474204188
825,119,1882.85395674953,364.591777304919,195.885180554257,55827.3979634382,5452.01845411333,1492.32218305609,33.9846163572251
1046,149,244.641018616123,545.705300308837,189.110809602116,66888.4471075835,4878.99684788106,1235.44009701637,21.9863353356646
2104,298,1556.90338739465,2062.89523937053,154.190381694861,54647.6049957423,4942.53383998175,1692.40089333058,25.1835452166659
3235,453,1060.8516754113,1010.49702400571,148.601077512514,79569.1763028635,5200.52552283775,1346.86732261977,12.881562915249
3267,459,1047.09873025286,1003.90514741895,151.098752577303,71574.9568168779,5354.82881479522,1593.42851506575,17.4511157009833
3275,460,960.009237349514,944.936984798238,141.421033665832,61581.9532588862,5206.79867952562,1344.62530593261,15.1837605812401
3346,477,1129.64220323738,937.853758977079,129.090812911992,137620.6401754,5670.43581440248,1465.96222998798,6.30116495550292
3350,478,1030.35872512804,963.967029799514,148.430236867958,100991.025072599,5161.53269723579,1838.21623990996,13.8105417475429
3667,549,1561.43424657967,2699.26873216571,134.433708711486,38997.7906914389,4715.09056165883,1398.44117258163,22.752306409676
3913,591,1541.35934482506,2729.50508717431,106.499878183874,29426.8503190577,4891.80408587851,1138.91536538933,16.3923773795259
3920,592,1522.94174349347,2682.90967652155,104.527018876336,34283.6890554214,5483.27125068717,1501.39551944425,17.9598873306914
3936,594,1421.89367186063,869.656415629779,131.832505093366,38520.5991343701,4743.23659915334,1303.7362323764,20.7433696021076
3960,596,1565.21158233721,2693.1797202056,101.544976415258,27365.2048177381,5460.6762601629,1166.41335643541,16.6703120010378
4113,616,1574.08062704721,2665.29416638299,179.234632592157,56620.0276153762,4362.912792657,1382.02085461556,26.2552433796536
4119,617,1571.30486403159,2727.42552638687,178.380402671107,50329.7522473741,4884.07065259535,1340.44770123074,28.3927873037474
4130,619,1537.60751825941,2736.65926049896,91.1414170577809,26600.2965662411,4814.89818557954,1191.45175414226,14.6979176920135
4139,621,1534.27614592797,2665.6045484299,89.7425780315372,24786.6532218031,5484.53120854915,1409.13404667609,18.1894543223447
4593,700,1504.70320800291,2736.0390544028,173.584099917719,50151.2979438014,4326.20857248076,1224.68255867339,24.7465269833886
7755,1301,1761.58559885821,680.695706505194,150.830673797682,70157.360810273,5034.57498060902,1735.34649158934,19.3213804850545
7970,1337,1708.1984939231,721.372096440933,275.87435941582,123257.04107642,4226.24929388446,1567.91393644211,31.2383843216991
8093,1370,1739.42024289909,715.752739430241,266.148893296205,122179.174197066,3837.89347956017,1609.97760966838,30.1784446993158
8097,1371,1720.58032334934,692.921085495575,158.694600230936,76286.6009254219,5291.61964487737,1759.8434767207,19.7816414244035
8100,1372,1769.13057995524,682.061402374511,184.218837954147,110696.000924295,5372.40262775363,1755.15108654459,17.9541517847411
8103,1373,1713.32831703763,725.646639714643,153.382543538388,53012.5550263335,5056.81444527832,1378.60077409738,20.9557079001972
8109,1375,1714.37994421653,685.432770866253,160.104032455372,111392.979524273,5531.85439882782,1816.57851517483,14.2176796054489
8115,1376,1739.26036302403,691.125810624562,169.690054901506,120240.575550955,5453.33795252876,1737.15416056703,14.0312760703341
8130,1378,1709.88623733534,709.620755555312,139.33966897057,74654.8994812696,5618.87797758753,1508.41526656866,13.6774394690562
8138,1379,1728.60362893987,703.440348309541,155.318150633532,79792.3798393263,5280.13733944025,1686.84055156852,17.427786181276
8310,1407,1004.32481591215,10.0757581934813,142.60323237939,135432.756467588,5548.5301394194,1544.0836112148,8.05441006894277
8340,1412,997.787611198142,3.58325279501514,140.144555196293,90301.0769892385,5835.89617083908,1408.26978011847,10.6734858862095
8344,1413,1018.68260999589,10.9300289870989,156.198704789639,137148.234469638,5541.58424737954,1421.22376065529,8.64549786041588
8350,1414,1008.57567799785,9.76696767364047,137.845471066104,127738.036532001,5896.64441960124,1782.91943245258,9.26821083892679
8381,1419,992.582442450566,7.65750303976529,166.468388916751,154259.873388882,5681.92788101068,1799.99528393688,10.9384041809754
8387,1420,1016.70223965312,2.8299124037585,150.235813244029,151817.66036094,5363.82002206695,2086.4442527608,10.6606971071535
8509,1447,1023.18407114997,16.4446405748458,143.358493990737,120091.83455065,5714.56334181212,1086.54252759866,6.46776040565414
8574,1464,1357.62838488552,123.811368993585,175.887336423473,52584.9138815924,5051.05681150799,1326.81958808754,26.2013558030755
8643,1477,1017.36657930484,11.1091338349506,180.808868112137,99518.3501533426,5410.00011404529,1634.51347519825,17.9588098916765
8646,1478,1003.10500073543,6.55993424436383,136.302323444477,113619.040500805,5983.75558211195,1646.61709351839,9.43253843306891
8651,1479,1044.64616886809,25.5030589106173,136.450428258433,116060.220396305,5296.88237194039,1392.92960648484,7.83435706229936
8680,1484,1017.98893132157,1.33165772930806,162.121843896203,132600.853705981,5383.09992741353,1422.33717531685,9.58274382722501
8684,1485,999.379847673026,11.058393613901,139.844672615023,136663.857657923,5607.46009407271,1581.03947406284,7.88921622020901
8937,1544,1074.23906966017,1478.5670025145,113.814237247713,88598.2762776028,5218.10218106892,1663.66082943525,8.90326123749746
9059,1563,1083.13567198489,1501.47584582792,134.975663762061,83081.4916406768,5188.56055534397,1210.18042245107,9.32589819397968
9072,1566,1083.26695418814,1508.78459909102,142.726241714277,127280.110954987,5367.95915142165,1426.58658152069,7.93308700628539
9081,1567,1106.51263279995,1512.19370945055,116.972098264209,97666.6418899714,5667.23958342754,1410.95054471074,7.1884077069524
9088,1568,1102.40119228642,1515.2619929696,128.232632389323,87053.7773838381,5509.27097534707,1753.78535309884,11.7546352599424
9092,1569,1078.67557598167,1499.17863494537,129.674555358012,84904.9186336117,5117.79711904131,1255.53431391258,8.8149410076947
9095,1570,1088.90432742332,1528.24236379773,124.688705008795,116406.444992236,5305.72084080216,1490.1300520238,7.11929840327859
9099,1571,1096.82697944394,1508.12742865919,123.786271801266,115264.883377745,5041.00002363493,1515.75171623306,7.21993638352671
9106,1572,1090.98097809798,1506.07277165553,118.403196856944,97202.3969863471,5248.51840586716,1408.89318173237,7.36535816298143
9115,1573,1089.79922750366,1515.61146705183,136.391369230067,115457.764864062,5165.61589898328,1641.05012428824,9.26219086090332
9122,1574,1096.84800795852,1518.12268351683,129.440737689863,102531.169213429,5148.10191660479,1767.15164534278,10.2267348020348
9126,1575,1110.4907276055,1521.06339792211,140.825804801811,95972.7824803559,5231.34925815283,1531.23036545429,11.0121718878683
9133,1576,1078.58902869355,1494.97300835419,141.348194097549,112255.13774037,5084.10318759583,1967.76310650104,12.1708628541701
9141,1577,1082.33878140875,1520.44655015935,129.460325176558,106058.249781205,5230.34596887565,1149.28272894018,6.44973618187606
9148,1578,1062.97343014212,1546.24572237397,130.183000049088,68270.1813467919,4804.0939240986,1362.9444452003,11.9723296255956
9157,1579,1096.8157375334,1508.51101365701,120.423407342877,85532.1422623337,5321.45707711107,1635.52608831606,9.99516217118575
9165,1580,1108.47480434559,1513.13748785329,114.8889558461,99383.9365156582,5142.82043702223,1717.50280960704,8.32768837831833
9172,1581,1091.78931138189,1506.53235573714,151.544355857402,89804.1595019232,5531.63690783174,1431.74432862747,12.5735795490558
9178,1582,1074.06414625697,1503.19310319235,145.703977005032,110219.457019541,4961.00097963889,1385.38553965964,9.23364042005655
9186,1583,1078.1434673309,1506.51133452586,152.142753506219,138514.146321851,5195.88689481736,1695.29302374639,9.72194648872341
9193,1584,1121.29107325301,1511.91525927402,137.68982744226,107348.410228359,5302.23402035976,1450.8833370849,8.9627692193194
9198,1585,1088.597457736,1507.48376589623,107.443627285695,78242.021708242,5609.32102984505,1315.24090967424,7.235478126465
9202,1586,1088.38626728949,1539.25603981561,126.526658102544,97770.3276955183,5464.29112997077,1445.31628784949,8.43346463531493
9206,1587,1093.31184096311,1532.90482442837,134.813275900961,95206.9304692974,5557.364472563,1343.8382143018,9.01464214475148
9209,1588,1066.65138295275,1531.34261548676,134.427397736608,36075.0671805028,4680.61328018376,1156.92403274852,20.3580073141051
9220,1591,1106.73397006118,1521.49377083483,147.408205742175,106167.098804,4760.33939539024,1398.92530103479,9.88495852466275
9225,1592,1118.54418034637,1516.6770057959,119.595879364775,83325.0016346333,5265.34106417667,1311.74054683496,8.14025678932541
9231,1593,1113.81632941695,1513.27539505164,110.736013663037,52770.2794060157,5103.63211341863,1529.54825340319,13.1080316751618
9361,1617,1103.26229696229,1528.69054993573,139.992274105816,101536.65756321,5354.78921779797,1871.89628039181,12.5801300345219
9366,1618,1074.58961677913,1513.31522317944,140.620830603193,87761.3923727463,5038.81683938841,1586.48928300054,12.4407637330864
9370,1619,1081.53773656435,1513.50472919621,131.494629789773,96532.9670061626,4785.17509969801,1338.92802787487,8.47421547080516
9375,1620,1085.29761150517,1509.96452735082,125.03148098354,98547.5865894476,4989.20413916569,1303.19056984524,7.3933677584705
9379,1621,1088.86318350187,1535.25979402151,107.928039350816,80236.8993791606,5482.34312161444,1244.65596013281,6.73112973544963
9383,1622,1094.8537593596,1506.13717494323,128.49156741898,127327.830943532,5347.43237849399,1413.87773079351,6.51497139567151
9388,1623,1100.50975017098,1518.04408888803,129.451035347667,104751.533090653,5466.2061783223,1919.26966002986,10.8699916420488
9398,1624,1105.57385856782,1519.19738785426,122.448733790249,98957.0127758804,5521.98659679491,1772.46535211086,9.63783075399825
9403,1625,1123.98190642713,1539.20110663942,117.962254496342,90246.4334504433,5419.41371011037,1215.69909921343,6.80720210227578
9410,1626,1063.50086474647,1520.45321076534,145.008799291324,98079.5540208775,4756.5359479548,1301.85604717236,9.66771203262068
9415,1627,1070.31003222233,1520.83830067154,108.883596904323,74791.0149706683,5427.77206387538,1406.60363865047,8.27424170096018
9420,1628,1093.24772770291,1551.42978506399,122.082738724527,59460.5812230323,5149.25010162303,1398.93724313232,12.5961074497462
9425,1629,1099.44277486415,1518.72997697474,117.004512089988,99156.3660960651,5519.19515041076,1435.2408868668,7.20521173774173
9431,1630,1072.39804416843,1498.41855891069,133.195499740474,109902.504078183,4944.31553160285,1460.52913971643,8.30524896782425
9435,1631,1099.24553598984,1525.1040114705,128.647345478259,90879.8178637504,5329.92500668811,1501.06167821211,9.69973734193705
9439,1632,1090.60326186194,1524.18537004363,124.098227256425,78065.262771682,5745.09026098706,1150.35705235582,8.13301406092302
9443,1633,1099.73014233269,1524.94682135418,121.933699699785,109728.680224635,5580.56213978839,1492.04283668146,7.27119841199812
9447,1634,1102.80088510486,1502.69260963191,135.452678673881,69842.6237204064,4892.97984241906,1241.75158057167,11.448798864498
9508,1646,1094.21513706976,1508.17060853544,98.9412905068017,84584.187558382,5597.78485537042,1251.34426739611,5.55737489014524
9523,1649,2513.67745047791,1578.11212250033,169.422661454543,50137.3103266873,4385.15548292501,1354.05636368337,26.1503647755697
9723,1686,1068.24288256039,1546.4526853893,160.355541705219,47576.5384449092,4696.73280579388,1155.24639040427,21.2443025077885
9729,1687,1085.45826706845,1509.41024427203,127.468843394712,104246.573535725,5405.0933954186,1508.7725869944,8.36461665692719
9734,1688,1106.3567702882,1520.46925198545,115.352861178623,79192.4948389276,5109.52322676387,1197.7895359208,7.35177608636551
9739,1689,1074.84635360032,1504.97282875371,120.62734653083,96804.9865080106,5716.54850541939,1488.32209225025,8.06611205293449
9744,1690,1070.0090896005,1545.19959989781,121.438105448534,99216.8971189166,5319.05549297071,1345.23138510206,7.20207934359066
9752,1691,1100.84125634567,1504.24873406954,129.594550494243,96659.4155010554,5346.0034746112,1298.50347142593,8.00018303927086
9759,1692,1090.18562616111,1537.64527564884,141.395603784688,81872.6741117123,5593.65084385678,1881.10676061681,15.9589969578491
9767,1693,1078.68104122671,1542.131674261,130.278140144247,90424.2726415914,5576.35397461492,1496.2748162575,9.93676799928901
9777,1694,1098.09164980789,1512.79359882568,140.948287983613,124144.919485665,5343.16334397297,1669.55020491112,9.29725219208232
9784,1695,1100.17415576243,1529.41739507925,147.466756042199,86484.6053535903,5313.82230719469,1423.73950756706,12.3530552495153
9791,1696,1055.41232457661,1520.11912204793,153.078168611519,89644.3624289769,5310.37018787524,1482.82422870647,13.2858323715863
9799,1697,1065.48396489663,1513.19288189185,132.641908476447,49703.1084627686,5347.94805216802,1420.09148319832,17.7027159474745
9901,1725,1088.27854750325,1510.51129519717,124.663159615049,103109.94830136,5281.48355627476,1376.32684639217,7.42236955903342
9908,1726,232.016920893664,1138.86821846001,133.855473067209,36955.1798372531,5329.42589746041,1553.0146388044,26.4503184310802
9909,1726,1113.51936660603,1518.35878221138,131.39436111971,106984.584133119,5859.2922893937,1614.45849911445,9.1997626196778
9916,1727,1085.56117258958,1519.45949791463,126.982247172795,119436.644828731,5502.15134429728,1432.51799763503,6.8899003528047
9922,1728,1094.59002914072,1523.45088249187,132.730696644639,104014.618583097,5218.55436941402,1222.47845066218,7.30730221319758
9928,1729,1073.68273121449,1501.21718709773,129.971301929355,100066.99781917,5659.62576452677,1516.26628782367,9.0624611007713
10005,1747,1100.39375793771,1490.17033853485,140.419037638,117959.098138075,5313.4759544086,1635.78906311843,9.52219460520278
10009,1748,1101.52885488322,1519.94759437941,139.891089982756,133136.495654983,5300.65747656906,1789.23469591913,9.16388219188084
10015,1749,1069.16803769012,1529.58941379143,119.005071878442,107754.434661101,5769.70743360048,1427.59394247785,6.79303644444808
10016,1749,1157.99058227285,2364.00235631346,116.954639071682,40200.37053028,5333.96845491097,1248.74288239646,15.4343715838416
10020,1750,1087.58913698598,1538.46905445358,129.172738390565,123186.864295655,5555.9719857014,1988.43008123364,9.54084988792001
10026,1751,1104.66152513711,1517.07267815041,124.17667266521,101770.599481179,6190.05096487464,1688.86920765985,9.15363721699893
10033,1752,1100.56142986522,1547.51309409575,149.595799696779,45609.072285253,5159.19380943879,1504.39698862264,25.382598114739
10046,1754,1213.37721567087,2340.37404975295,158.256837410443,60743.316119232,4952.96045900345,1101.76392628892,15.4970539491036
10064,1759,1180.17307053481,2316.97539558916,147.774801170857,58786.9675937216,5583.20390292287,1586.82022831711,20.3143572529394
10070,1760,1161.0647781403,2372.99362171641,125.805366358376,42373.7735086551,5124.20009619847,1203.94868280949,16.0366552224205
10088,1764,1159.81988903303,2310.36717190714,118.33806119219,54320.7604566314,5368.6327876866,1214.68658871233,11.3466704870796
10092,1765,1194.51490402032,2344.3653856597,115.047219828896,59166.475766586,5370.9713202094,1557.30075604847,12.7079350102587
10123,1770,1195.26055863058,2304.45036899902,166.038445556204,95269.4416781182,5056.02105930273,1065.02296327832,10.4481193287165
10131,1771,1162.59057133694,2281.25636846426,79.1242328118173,22198.0768864892,5339.53666682339,1498.49627604636,17.7947844985066
10140,1773,1447.0268612345,2183.45589902758,169.411959793861,149853.358315835,5283.69527277858,2008.49116464528,12.9745939906829
10143,1774,1354.07697538242,2201.27007705016,198.700867473359,174632.617270614,5164.19157744055,2203.88120048917,16.4820599638048
10148,1775,1479.9535915692,2153.80242332323,122.363984024032,122434.881696459,6026.80973195636,1539.72993493284,6.76694045235866
10157,1777,1467.51469168734,2181.60485480807,123.972007942431,94982.6356487815,5558.80010893394,1583.92521664169,9.17347526983209
10172,1779,1485.02498772999,2186.56007442705,114.856460868779,59993.6862049539,5589.74541310078,1303.59031415914,10.4701309193479
10180,1780,1459.90397705603,2175.46141381855,140.713223286261,126478.243747275,5708.59116191106,1479.52586376532,8.0682963196822
10190,1781,1470.49952787478,2180.33965377218,126.6059952437,125499.890540256,6032.89377553624,1872.20122834615,8.51290585606473
10197,1782,1297.72305621674,2269.93998649074,204.880440524098,237678.276919371,4942.13898211079,2342.16422584058,13.6420395673908
10205,1783,1475.05770564875,2148.51486571699,141.892615644924,128625.832185077,5259.80320161378,1601.89629949185,8.71646171208625
10215,1784,1481.8523145025,2167.29884184746,141.883656264833,137010.74206433,4769.1752661645,1472.13907673346,7.52407568321933
10223,1785,1473.92109436919,2159.93456983638,160.024148615894,131279.289734421,4932.21111761002,1385.92374981166,9.20874654029213
10229,1786,1405.15526137828,2215.23707634973,220.060938735881,207594.097369018,4940.79184100002,3097.38416350991,23.6596890457737
10236,1787,1393.24034452761,2233.09140511021,201.093819351306,187779.218840818,5265.66712169946,2051.54551725661,14.5999773920635
10245,1788,1457.63427460344,2176.33975929819,143.081964429485,120709.895513328,5233.72818901778,1563.90421683677,9.20549268317934
10253,1789,1472.45226868852,2156.62764240415,139.371362261429,130835.433614315,5653.58151012668,1332.18275702972,6.90834976417758
10263,1790,1497.95858945114,2163.63395295422,128.766704843717,127636.590436259,5834.08113569785,1921.78779197516,8.85190376272913
10268,1791,1479.04942296313,2177.60966753082,130.133673800463,58610.1652581441,5344.71717658717,1286.43981605325,13.1541366071092
10281,1794,1154.37047312822,2387.90329734518,112.817771852909,61580.94292908,5721.3413043641,1545.59671975191,11.7190444299621
10302,1798,1472.10633384617,2152.69743525859,163.301447326736,52126.4312224954,4748.95556352415,1057.18260102514,18.3598759816745
10309,1799,1519.53298274511,2159.7747880645,135.602758486559,83960.2219296564,5027.8723924314,1297.5783964498,9.97302387744364
10318,1800,1402.6000142844,2267.93688627038,214.412269021512,110563.511805715,4939.38767703277,1614.95019367311,22.0585105715131
10323,1801,1450.80263718346,2139.41531549146,118.057971322427,58516.9082831572,5561.31205218568,1355.34644342258,11.6995535780564
10333,1803,1466.44257310044,2187.83409304878,117.685779353262,92667.6014368953,5590.05078810763,1282.95947973702,6.96540944485446
10339,1804,1405.53525165245,2215.81793048879,197.326003188216,183998.614510843,5009.17118046381,2876.40079177629,20.1397358371543
10342,1805,1499.09143068011,2177.86213406833,112.581034448718,80146.1863295632,4992.42311435987,1302.68093201591,7.57359654830368
10365,1813,1465.9331156536,2161.08425089705,189.146201083408,98364.7500447727,4585.77356936859,1412.46564544916,17.0982824399779
10372,1814,1489.55463088649,2179.60882711153,116.747493232607,80493.9200005936,5365.0664721213,1161.59905466589,7.16311984925359
10400,1819,1473.28508862745,2168.89316037308,121.081685767352,106633.74823435,5428.86083675263,1365.8100145087,6.76963523131819
10405,1820,1477.80719915318,2167.52563174592,123.258496056441,99254.4235967651,5503.28224965883,1576.14368365274,8.64865991794207
10513,1837,1078.97207598216,1504.49484708537,121.314122722195,91008.2901943855,5257.988031707,1374.83270187611,8.00708311124354
10520,1838,1081.20787131509,1489.65651968783,102.762199581176,32348.1815138018,4895.18854848551,1078.04363377429,13.3030520824625
10544,1841,1107.44077182614,1532.31183895504,102.043275305472,42289.7955795185,5061.33628352477,1354.53887718669,12.6289395978276
10574,1846,1082.00152065954,1501.55782992941,138.898484562045,121064.196245352,5231.45103132349,1513.54739997013,8.42194272411524
10582,1847,1084.57974162458,1510.82305130952,133.493665264004,119096.34083383,5585.83263250049,1667.06407725009,8.77803040766084
10588,1848,1078.24948191801,1510.7037751259,125.658326644553,101061.484047545,5690.41101886775,1664.11209145371,9.27445566830844
10602,1850,1082.08126986455,1519.68543591109,112.771026647268,75353.8097462185,5710.30500664109,1423.19178717773,8.81940673380822
10636,1856,1099.85730270515,1508.424324024,118.781385076906,46262.4545495219,5278.91475273553,1356.38936918189,14.9620033854352
10870,1892,1068.44023765565,1536.7808585148,158.003493053381,70351.0141203803,4615.98173075759,1533.061157788,18.5428894878136
10986,1911,2716.69329953312,429.069076090251,161.950565287381,94925.1279480794,5088.83528964222,1243.6330742072,11.6820069778324
11217,1967,2550.92945003317,2.91178723238409,174.548896718975,59798.7959565139,4895.06193405221,1242.85946612489,21.2838715769277
11229,1969,2515.75658450074,26.5700134520557,127.597963916892,35839.9229832101,5413.93822784447,1392.62085037763,22.4689373604673
11376,2023,2596.2093648389,56.9875191757237,163.034819576772,45724.3181810836,4719.46449302201,1441.1019467195,28.4105109802911
12509,2235,1522.30149494873,2109.78442739842,134.817456346288,53655.2029155903,4939.07846444753,1358.70936189912,16.1563373858178
12516,2236,1508.06006916997,2140.86810693312,173.634334539186,59087.19066139,4536.85107869373,1107.25356139666,19.0111678602918
13165,2378,1308.98783016058,2909.22969409943,138.035280067771,64984.4470583521,5126.67088062005,1072.35988433685,10.9996667192555
13169,2379,1363.78750192978,2826.00505640297,140.092641569387,120466.762609732,5416.06380070421,1437.95618072897,8.16810627570474
13357,2411,1459.90682317039,2884.35917866644,131.603379279731,68673.1294846233,5137.92982191271,1424.29912115729,12.677392050854
13365,2412,1347.16436671787,2833.30124356984,153.165859462584,153885.682386485,5385.91798160412,1454.82338722327,7.61012427808659
13440,2425,1170.58164564716,1182.08437067457,136.16896140294,46045.1456915198,4896.91289164935,1304.92346007028,18.4062850052465
13452,2426,1197.76464686887,1149.06553532577,140.184934626235,41541.2421478137,5235.63299336097,1145.52315036191,18.8772010314343
13461,2427,1133.40583017353,1137.74972359879,169.893783624919,58305.6829866724,4778.88479951815,1364.11009593625,22.7735634293286
13468,2428,1150.16985023804,1188.88836388089,123.227216081211,44824.1615191293,5175.83362938415,962.914869880919,11.7081603602338
13475,2429,1181.71508884567,1201.18203557335,143.849091998452,42465.5933704813,4654.09488851333,1090.9430841038,18.4298841972689
13485,2430,1167.02449480942,1198.92089454691,141.912000083005,49882.3018443602,4941.83923676496,1407.54927286437,19.7370605295257
13492,2431,1187.84806572969,1203.79524435099,169.780295337615,60570.4702875457,5182.7130110024,1164.44418755384,18.7015604094273
13499,2432,1212.3444581492,1175.63345286971,142.667897969626,42208.4269043137,5349.42050485629,1321.73742811888,22.1156324860865
13504,2433,1188.50812872191,1177.67112715399,144.74838296239,45010.079376548,5425.88154701769,1216.49872791983,19.6019584776349
13511,2434,1226.24349105569,1172.16830337689,130.858854525394,31867.8969156995,5171.83382863765,1088.59266446568,20.6716267331749
15578,2751,832.895584498114,2994.24857512654,92.1274293428717,31155.4037911691,5153.46900911924,1076.91641510303,11.5485066084219
16961,3088,1693.84297717002,2010.48744018456,114.993907199933,32749.1335415317,4719.07743536975,1389.87627219843,20.4680573713718
17192,3136,2503.79183986456,1180.94085010191,166.865333577573,62830.0946155143,4874.41195244724,1316.81475087557,19.7341635133918
17198,3137,2448.90625869532,1203.24420256362,195.540378556624,58688.0854593807,5058.62758712989,1362.23766563825,29.4195010768122
17205,3138,2476.32478955077,1188.88841783613,170.86385945374,52435.9940621472,5063.05727659578,1183.22945286926,22.2074458513827
17210,3139,2500.93594977892,1247.50028382505,165.111727232773,54001.0597641236,4999.38590606773,1268.08175140779,21.6813442387949
17216,3140,2465.54742059551,1199.86538655285,183.356669444719,60076.603475711,4800.22855040798,1371.24863458518,25.6238022493027
17223,3141,2510.72311513763,1227.19808097784,172.965219733027,58607.385927073,4959.34687954993,1249.69845284265,21.4669228427074
17271,3150,2515.25911102106,1219.55420036496,148.428861125342,54089.5680251331,4994.24894264401,1199.98968924748,16.8462450880041
17275,3151,2476.59047292326,1251.43687009804,188.992548615659,85566.5618654325,4568.32188281534,1343.36151587405,18.6657756542861
17279,3152,2494.58489971628,1221.21694967802,125.722275101898,42294.1708592917,5105.49064217966,1474.48741523351,19.6392624530165
17283,3153,2487.70515658993,1190.71654146543,196.926472007254,67908.2713996586,4793.19453188747,1130.71117609752,21.4039822085177
17413,3176,2504.44048224065,1263.26165370303,186.50840505924,60296.4318589525,4909.84079881034,1253.04175617454,24.0963931316685
17420,3177,2446.84564107977,1268.46842431148,153.116858208721,46716.9709261519,4848.10214520461,1449.02757093265,24.9086872765276
17428,3178,2480.5112691104,1180.50152861993,227.169255907837,82286.6404111323,4324.30470812335,1403.47467774332,28.7758213750996
17482,3188,1691.73698828446,2018.39285270515,115.653080696188,35509.1404213952,4373.89928358994,1278.62307958046,17.5447350531145
17490,3190,2448.38488556501,1229.92508734368,161.02157315208,54499.5198565833,5224.54108375967,1485.35261195735,24.0113128918885
17637,3210,2553.6047364736,1174.34950971461,171.846977694017,64665.165499263,5150.8691337618,1413.72133064872,21.7381701282749
17643,3211,2482.69380258092,1213.31614506465,142.732819404828,50629.0273228653,5136.88110029953,1445.27049448906,20.1749053570566
17651,3212,2523.09854044016,1166.58358478697,199.510555669398,60364.6802401006,4412.59485235564,1061.63117088679,23.1757013654372
17661,3213,2512.2786981222,1233.89794536317,173.133930085408,62587.3819962826,4861.50303468772,1236.9870870351,19.9357635214169
17669,3214,1721.97512198501,2017.93003829037,127.364482838875,36295.922151532,5120.02391629176,1340.06611331334,21.2833160571772
17670,3214,2440.66787731164,1207.97062288594,162.422002934264,52498.8557108876,5135.42382142957,1056.06039850735,18.0297067783977
17680,3215,2446.88126858347,1275.73265582723,123.392076120912,47201.3359964131,5008.18357518315,1175.89434047115,13.5948683330264
17701,3218,2445.48252682704,1242.80338110432,176.690690743955,88126.3921495568,4691.25240106561,1328.96404742921,15.8022028650276
17713,3219,2496.68629716294,1233.40490032307,169.115058011966,60926.916733719,4911.60130452131,1510.33187226547,23.9182801149699
17724,3220,2468.24524896787,1197.31775918963,156.15824367191,57194.5360913728,5197.87560296227,1288.40576361966,18.7658301512739
17736,3221,2476.85252803913,1247.49081765542,171.941550285758,56432.2663402737,5090.11175445409,1406.19226455007,24.7997539373909
17744,3222,2495.70240705185,1250.36857493232,133.691256289276,50240.8640659116,5329.83884321044,1688.25711171583,21.1040476481643
17805,3228,2536.33620423392,1183.16820319675,163.603875919035,48545.5158178549,4617.34777300781,1438.33819598877,26.8821932727824
17813,3229,2458.25045279187,1225.96697794233,102.443407503116,32061.1738004767,5798.76148141973,1358.53967947823,16.8090458517495
17821,3230,2468.19299305801,1197.67223304585,191.163886382146,67022.076466117,4904.65641349962,1458.99684785242,26.4328269111611
17826,3231,2471.25820935125,1165.9496951776,198.788121276674,61507.7102264454,4793.88826914967,1131.93600352485,24.0796343005128
17834,3232,2476.39504288712,1177.76988871995,202.487632098132,86496.1801819375,4511.83024802299,1213.13393750653,19.0071310608162
17840,3233,2515.73141475903,1254.50360859141,180.311357106159,54683.3769696082,5105.45519410541,1374.82040031944,27.3484864020198
17845,3234,2469.2042236027,1203.96777396896,226.080466990913,96952.6940116495,4296.2083577441,1469.27726560233,25.3332657968779
17850,3235,2447.68585771555,1172.29431600802,158.231271377604,52277.658941518,4825.67156108925,1177.7655387561,19.2330392016742
17857,3236,2458.36403500438,1164.05110029046,240.213575185532,82273.5542027568,4536.51809261326,1227.25724150565,28.0305283129265
17867,3237,2497.3302988846,1158.72539466843,184.810330600594,65116.8518447735,5224.79778750297,1532.49157505797,26.8089319928871
17872,3238,2520.55173073446,1168.05043448061,186.6877271745,58888.5732428743,4899.52974908723,1319.63173693581,26.025877202778
17880,3239,2540.48618663633,1193.03679868563,162.649795077067,51561.2532446617,4804.75630924436,1292.47005921166,22.5067838077596
17917,3245,2518.93715837207,1268.21908855199,219.195159768429,83555.8316686613,4803.60653325227,1287.56316315849,24.2840945295938
17947,3251,2472.97110225041,1239.82597017907,177.226138091011,66667.5003317762,5380.92141828601,1865.93505093629,29.4591033773721
17952,3252,2480.12584085166,1236.76014827792,224.38783455809,125575.983792527,4512.32112534029,1323.14768670056,17.3720120177675
17956,3253,2510.95609187203,1191.21741610036,168.017355111961,64736.9577580345,4859.80069955416,1174.4467834557,17.3101444998398
17958,3254,2486.05797572731,1280.01523072092,152.736773306614,41928.4526109879,5309.58966425926,1292.77230634783,24.6543775159119
17962,3255,2502.88667825179,1203.10028910009,163.10878851399,50350.6281838618,5112.3471272599,1304.8140077846,23.388370417461
17964,3256,2490.01652963426,1186.90496798771,158.726451292622,58772.035706606,5089.40157269968,1330.77934923613,19.435611174374
17967,3257,2474.09572490058,1255.38119666984,166.783912003928,85573.6201767766,4900.01824516539,1324.52159650271,14.5663129498073
17971,3258,2436.84448997446,1205.15029542631,190.587052981722,93227.8314379137,4680.37484738421,1336.00879060788,17.312317518477
17976,3259,2453.85712884734,1225.4903130963,159.464007028634,67389.1906776072,4818.91732876268,1414.36273503561,18.1683664745892
17984,3260,2474.72138187406,1244.87769680906,230.492695365476,98821.5146150287,4506.49663031022,1076.82785398503,18.9251043243328
17993,3261,2502.87372256599,1157.91199398389,171.529063845821,55976.3942554442,5411.91647986627,1398.59460029234,24.7558099712191
17998,3262,2462.85614391554,1188.70202028547,210.3289758388,65983.2469348224,4652.0459563153,1322.29437057833,29.17804736501
18002,3263,2531.51579733901,1172.63077287382,198.135140458754,57550.5378716264,5299.77445507172,1183.12555012724,26.7260917914899
18009,3264,2498.37466579388,1253.81599575189,190.579790150789,54173.800636282,4869.29112666034,1460.17522891039,32.5349930062082
18016,3265,2491.10582292062,1198.95211719217,185.06016537393,68926.8014083801,4810.89923772734,1443.75879015554,23.9262286684192
18082,3281,2445.08085915335,1180.32524631351,226.57609268049,64957.310897448,5222.68811856821,1564.50853479019,40.4160321664232
18089,3282,2484.69492349121,1230.75286767061,82.1218487688299,26392.479412705,5474.06899802657,1250.28596238338,13.218580297671
18103,3284,2544.94997735494,1239.0900838067,185.786160510994,62616.2746851195,4776.03003083684,1281.07914512538,23.5493542431729
18108,3285,2522.39224407458,1229.54788359828,180.67452935881,47297.2823089419,5418.35843189565,1518.83826207151,35.0515833519541
18114,3286,2470.58518669986,1173.00028836803,139.809994332998,55505.1533816761,5143.79683998458,1574.31187169952,19.3073456969742
18121,3287,2504.01164641709,1179.70592543676,132.554613931463,38350.8737039516,5346.38073594767,1153.19852696323,18.6181618076496
18128,3288,2472.78082118254,1204.05458113744,185.204523200405,61833.2810919555,5362.3445326966,1285.52331087105,23.7889755511139
18135,3289,2439.76972703553,1225.80968052513,162.296896673636,50591.4836314089,5643.97456749245,1321.51403101048,23.3575579023189
18141,3290,2469.47884734467,1187.59062491215,161.745416006729,58742.2717145131,4891.29250365696,1177.46259034768,17.8220055409929
18161,3294,2502.91355052401,1218.47470108924,158.037551580584,54614.3959079211,5245.40963749893,1194.84166334199,18.6349456367168
18168,3295,2523.1010475746,1241.41730985837,184.078499685458,68557.0085075722,4916.43211978247,1133.52524350379,18.7142592235622
18175,3296,2450.09228182327,1193.87918253591,190.617925633506,69421.1605102345,4834.64606484136,1335.67104240429,23.2431571140064
18181,3297,2466.45373777672,1214.90934481442,185.15254766175,67972.0946071049,4665.75945485632,1125.0730265966,18.9409353171057
18188,3298,2440.05744234945,1218.26709585201,178.864989439805,68428.4516770329,4789.59963388561,1505.3221083306,23.5691964668665
18207,3301,1668.20975878389,1979.96265224093,125.760577427664,36047.5807523973,4655.87843712786,1179.68448331519,18.4569741488329
18226,3307,2422.41093258558,1197.93414762778,122.026305549907,37263.1702621827,4777.66155328399,1137.9586332292,16.3400270837909
18229,3309,2475.87276855174,1196.93434025128,192.70402378226,57048.7513823815,5148.64235630848,1431.05435046357,30.9224856051594
18231,3310,2489.75385001935,1260.3796684741,229.641152901567,90675.9216434066,4124.79954542249,1078.58236503274,20.5099832126143
18235,3311,2500.19817314785,1205.30503061825,169.135227484908,50927.5408566558,4701.5253451714,1343.80899631624,25.4701034407486
18238,3312,2509.44984370501,1183.29791605484,95.2544942049122,29310.5619756303,5405.20720081701,1389.04102872656,16.6826997127156
18241,3313,2530.53305891992,1285.0864079798,101.222664623979,29908.4746670508,5371.02165204944,1412.54295656067,18.362626711557
18244,3314,2455.13573002513,1166.85322456795,147.177378771351,48449.7313333039,5193.48967968655,1271.23693151671,19.611982430131
18247,3315,2435.28531550302,1145.1083357246,181.840988399005,57858.5331027095,4887.5611934264,1350.96492042529,25.8074062951552
18252,3316,2490.1428221839,1247.42253006622,122.111921699701,36589.1067481549,5528.18965505858,1562.89898320596,22.8566394579213
18256,3317,2472.19849485544,1202.06808812724,143.520500899756,50987.2225228929,5221.33096716011,1332.30589327159,18.6574860896783
18260,3318,2554.25853061605,1233.81164020059,186.869917117882,67392.9793142644,4533.50251272268,1212.00115096376,20.9339229624706
18264,3319,2488.1672595785,1188.00599919993,169.646454882937,48436.8322964334,5115.70679703417,1495.98082685979,29.970329976713
18267,3320,2482.80100695871,1212.87888317055,126.063660320792,43692.8197304924,4676.09725060253,1201.8490900895,15.5823923329856
18272,3321,2544.19810933818,1247.57595860476,162.17729264387,57290.6572023129,5250.00971796026,1622.39072065899,25.2757442316425
18315,3332,2546.42998755466,1238.64358755336,152.207929045867,53878.3721833967,5170.20018636568,1246.6791228111,18.392293328973
18320,3333,2488.15897008195,1245.09373184436,146.990683552263,46123.3484517056,5223.04917405487,1274.28718418411,20.6016858927609
18342,3339,1623.84422417901,2008.39176576195,147.389169889593,43341.2059856301,4972.06831014361,1465.04331357764,25.3179689313979
18344,3339,2489.66787459034,1244.75947709299,184.174359481852,58283.2598983291,5208.36802653013,1256.27712867726,24.4069213327212
18347,3340,2461.60618096863,1239.54134438453,193.390972726186,80553.9627089425,5543.56857314801,1371.98166642096,21.1456096906544
18351,3341,2470.04448089154,1235.2708414806,180.93224535734,60755.0221574136,5132.75438518839,1270.35769199241,22.8998212533697
18355,3342,2483.10287559896,1250.82670956959,131.713393157505,50309.7447749777,5366.80150574093,1098.54238448182,13.3765838358086
18358,3343,2490.51328571222,1193.45127041562,170.623532969426,54461.1391836931,5430.63989530113,1341.51974208559,24.1692568711747
18367,3346,2504.69020151148,1235.96893819684,129.133102639947,49601.081714745,5303.53160834828,1342.73066355611,15.996079342455
18370,3347,2399.4837136627,1202.47352064023,170.869053988289,52442.2786266718,5107.81654833148,1353.181368817,25.3842733276229
18374,3348,2428.80763572598,1150.3969118038,175.776443903748,65813.6473485386,5240.23219647356,1268.85620116337,20.0039578832801
18479,3367,1635.22453014617,1965.08852953833,120.897620193912,32477.7072226047,4691.81338870277,1377.10408718087,22.3025129131316
18654,3412,1675.81639486966,2021.85382146307,86.7099231201041,28440.3120776389,4766.64724421192,1210.11596352907,12.9105487768229
18811,3456,1639.16619358007,2020.89720203497,127.983676053562,35025.3045695678,4722.97555395912,1027.65415605716,17.07690442947
18818,3458,1688.64979524277,2065.35604360697,66.243394111205,20620.4665589224,5205.22842179815,1361.67317327706,13.5321961014109
18920,3488,1677.17058327157,2039.64200581869,131.564010557353,41460.6780545259,4509.22420119156,1120.95672540075,16.5221514687816
18922,3489,1679.81649644673,2051.89241503744,91.601567839196,26747.6618492584,4933.29902052852,1310.7379965627,16.2030288191766
19058,3512,1630.17518536373,1982.28244331571,109.172508276088,31629.779098902,4460.06309201707,1101.37300017974,15.382045070503
19304,3578,1660.13933332701,2029.42828684345,170.091188371743,48915.1101866964,4644.64489781979,1354.69543530434,27.0130663652604
19318,3587,1675.95513983033,2025.74090576068,86.8420205977295,25952.5048884811,4981.505959873,1204.9532998881,14.1192334507585
19377,3613,1833.95491761466,841.564593695839,186.554019517808,71756.507298193,4054.51249755016,1154.3921494479,18.6718845184535
19413,3629,1687.80884376453,2042.98543419165,114.583610810139,32001.259395535,4439.76975610671,1382.33309156939,20.704955418076
19521,3660,1679.30318469217,2015.2561282814,105.097484789009,27430.5159262684,4702.0802124172,1330.57742455964,20.0785132536356
19836,3759,2507.22321894397,1563.56732654545,130.533274986105,39803.5908151613,4693.96496718996,972.324201214912,14.7308666843133
19909,3778,2500.7353889537,1609.28845629414,137.689534258215,41386.375942025,4935.02369894755,1496.80280837579,23.9488906407805
19950,3787,2508.67948144987,1592.3008970943,138.016434938195,76590.4218327072,4637.23731448334,1345.32102619042,11.6945402819328
19962,3789,2461.98392363789,1554.76913774818,110.109888679997,41296.6899981473,5045.32908108365,1081.54875153128,11.7454853533492
19969,3790,2471.66280258757,1581.90352774218,151.898022955288,52968.4363877811,4905.20378578121,1216.0984167134,18.1828575445454
19992,3799,2508.75323794715,1591.46638408908,130.405909202014,40239.5110633337,4483.88722019071,1314.36248688352,19.6360917562945
20026,3806,2466.5260987333,1552.24402183765,123.098277094829,45108.6982504262,5202.28932939899,1292.982764145,15.5689082240063
20042,3809,2482.13598395831,1577.49957308699,118.734345698088,38159.945839598,4770.94034575485,1140.77814565975,15.2524103968106
20049,3810,2465.45737971659,1644.19264951701,171.039320962793,64125.3391496814,4128.41549749384,1341.04924379123,20.616004263588
20056,3812,2497.02857321054,1560.02199773086,156.652230546684,56003.9096170305,4757.63591782172,1323.39654599906,19.797439173535
20068,3816,2458.15312756371,1577.92964256612,115.029868980931,35988.5713560382,4801.17534366133,1179.32373563053,15.8245456736764
20107,3825,2502.33863317411,1618.06020067136,124.457724787507,81378.5120995538,4894.30410871376,1331.81858746283,9.07044565280426
20116,3827,2500.40862446515,1599.7695275699,133.479243795924,87846.1286927159,4816.80071410741,1346.39994411561,9.61462331100973
20120,3828,2514.80566697271,1596.7350144134,131.772289102811,35036.0062094796,4608.80217648226,1009.66048770809,17.6644573404623
20127,3830,2494.47847954743,1605.31666577879,132.160180402178,72804.3412039606,4570.64479061823,1285.4921827622,10.8806083735753
20141,3832,2473.0928184806,1591.48180706336,215.671357135738,71015.6543863926,4203.2861680749,1231.72754619929,26.4991624248205
20225,3847,2416.42438546012,1540.17142424454,87.6712157039353,26678.6224147054,4897.57089360281,1259.78763928608,14.5720354723977
20238,3849,2496.65260883248,1588.84990351923,131.06388360138,97540.6695774622,5345.66041917861,1688.53462134403,10.5024802476492
20253,3851,2512.82806234864,1590.10218452284,103.575634657724,74708.6619301158,5495.31039008381,1340.51017657109,7.26169834238416
20322,3867,2515.70152031496,1598.53494860228,144.101290424449,76910.7764744336,4292.01042866622,1218.01614386607,11.4026451612698
20331,3869,2468.11629586673,1560.15007496966,107.627638563457,37158.8139795197,4806.74654645231,1181.81111100707,13.7142045638573
20336,3870,2492.54453089556,1603.42069833665,146.008834492888,101027.029979193,5510.06463256544,1484.25301296354,10.8279310567887
20352,3873,2490.05738389001,1595.0679251189,138.56989014079,135218.114017788,5332.09338630507,1890.9567929896,9.37239962212318
20371,3877,2522.79235607717,1579.52931582135,150.803466353713,45796.3219146138,4701.18066921984,1146.15552770765,19.5617746669205
20374,3878,2489.97878850589,1585.66887195497,144.167291598466,79576.0085073798,4730.66172566763,1228.73449604528,11.1271761208126
20377,3879,2453.19021065739,1570.25808745548,124.202848765063,52825.5640711543,5029.56377271969,1403.95648597431,14.6616650530681
20380,3880,2458.69366186413,1587.74865474265,139.650867905514,58898.1124500645,4680.47667535553,1041.32171005166,12.0334918462404
20417,3890,2474.50649560661,1606.26774748798,193.847131015169,60356.2063987288,4087.96591406695,1147.63666759842,23.7200770426216
20422,3891,2464.18821115204,1554.08614035424,145.227783379148,69538.6456920769,4617.3481025401,1389.81781399269,14.583076542222
20442,3898,2494.96556733899,1602.64327622901,107.242961870416,51183.3423243468,4664.26690199867,1283.85052805388,10.7529259317212
20470,3903,2448.71110968028,1575.24902338691,148.498418470259,60443.3238452722,4375.2079045493,1293.31321927007,16.2590499776171
20478,3904,2463.07372336189,1621.59309091118,144.712522372167,44990.5730764714,4735.1149507182,1065.08722153669,17.1717582564685
20518,3913,2490.57206279326,1564.07724442475,96.5625548951981,39655.0004894732,5269.58133855494,1362.77485784958,12.3745425276948
20528,3914,2482.37335117314,1552.66129364236,134.262900003185,71202.6236445882,4659.04650171363,1223.0783386124,10.8896481662958
20604,3929,2494.32061655816,1570.39794946453,108.784367657399,37019.6701132204,4713.29160159286,1281.17936814048,15.1892747594813
20626,3934,2504.86093872519,1606.28272768527,165.623755137912,124139.164729228,4486.80549881683,1689.39293193166,12.6367548663119
20630,3935,2498.2679480527,1570.59583160453,132.328597490025,67201.8749272856,5076.82377762307,1166.73145877417,10.7270958622184
20641,3938,2486.02208473507,1583.98844447375,132.268228524873,67561.1961400645,4889.20403174175,1333.76833696098,12.1789955580297
20650,3942,2470.13680467549,1584.65557675021,123.91755092384,74754.0703817236,5184.71702231436,1264.58949165687,9.3056614841907
20715,3966,2524.39796314263,1572.0142853292,152.256435994473,94646.0108254401,4764.90970362073,1513.99953415403,12.7223098737498
20718,3967,2496.96509769747,1575.93521187573,149.884981189636,76570.5424472432,4916.829813729,1172.39497829427,11.8436142757682
20729,3970,2501.69506483267,1570.21603766506,118.751171290075,54846.13712726,5160.40765241104,1216.42968296957,11.3224051896918
20754,3978,2453.66999989662,1608.20542942244,129.341878077234,52245.9277389873,4601.95444644536,1240.43496448705,14.0754519042372
20817,3997,2482.49180620891,1587.34262017172,142.580618715413,88403.4385765467,5206.93910171389,1311.10566923212,10.4743080095983
20836,4004,2439.43116284165,1587.86533064862,155.264562339305,86976.2644756187,4730.39362971103,1395.29510116964,13.2271504530482
20871,4017,2476.3415208464,1541.50023121647,107.979289552179,46118.4415715712,4879.03426534518,1270.20159935772,11.9421680891019
20878,4019,2496.93365970437,1582.84046163845,123.466498799919,68860.9341685832,5049.53264255353,1306.10571935807,10.363366123704
20882,4020,2490.77657334179,1610.65263387638,163.675225328926,58957.5073409332,4628.6717602904,1239.40733290427,19.1015506853757
20934,4035,2521.62155456204,1595.40250955032,162.06961898118,60694.9163614238,4928.42886399406,1335.08937676124,19.6214474036315
20946,4039,2489.02939636802,1547.1074140251,132.804098240051,74209.3927692619,4922.9888110221,1559.07188326957,13.0475542796862
20957,4042,2486.64853422494,1588.45162720918,147.853411005944,87868.8796602213,4540.65924423573,1595.24568000781,13.6820476805706
20960,4043,2470.81917613304,1573.6639965519,172.606422243537,48586.3262930358,4617.74324814352,1293.53287656177,26.6914765898462
20961,4044,2474.94279006385,1605.07006523696,141.509245180094,66108.0792090134,5020.18265956386,1414.03969253252,14.8895401774416
20965,4046,2501.62054964254,1560.10836216589,132.693962746951,80288.909796143,4868.11891499274,1648.01360844347,12.727379740562
20970,4047,2509.31346722177,1587.00197934141,117.013910997845,47690.4687223812,4722.91349192784,1320.2042508818,13.7670731897961
20977,4049,2493.85903805073,1557.43138582335,89.0661776840731,49516.2652669412,5080.71396623773,1296.49921224238,8.29165898938235
20982,4050,2515.7917946134,1591.04542814498,127.958486801913,46263.7931410955,4727.5386333991,1252.16107392852,15.7397937220895
20988,4052,2509.1008735502,1584.34225390479,113.968484805717,68552.4078376027,4817.17649152145,1138.35032232464,7.90550188688507
20995,4054,2459.52968623399,1582.82665525277,127.991127275528,46743.1177598685,4510.24866286686,1151.96124284818,14.3440440616964
21037,4063,2487.17722703411,1586.65892583031,140.873300263255,97866.2163701342,4810.25193608371,1239.25189188759,8.75586685606568
21084,4071,2485.85579035234,1595.65846472012,158.738401658371,106769.692196609,4601.19436798173,1605.78733861792,12.911668992647
21089,4072,2474.39638547899,1592.96260189688,118.434092965474,44883.79234453,4774.67753340099,1184.76402799265,13.4097460316069
21162,4088,2486.64079045097,1598.05861470932,133.944664730968,125343.768433738,5330.34221168849,1723.43175100032,8.67398533697856
21171,4093,2491.59324201065,1588.42706022546,134.036204925543,131371.203835349,5315.29204037371,1421.39316508746,6.84248089846688
21174,4095,2487.68235986548,1565.58383155536,131.928870701037,88560.6896234177,5291.52223231932,1679.19573481,11.6372883300878
21186,4098,2498.32352050829,1573.89403418094,153.026485898803,130259.37100252,5423.73429902286,2110.84241299324,12.9977019040474
21197,4102,2490.46966530829,1602.66468285967,132.736779638808,111699.751073921,5012.97379394845,1481.22383130437,8.23628444363454
21201,4103,2489.27741730162,1557.03756449944,151.87258855069,199024.325113893,5195.06239434922,2030.33246032122,8.07567415910423
21206,4104,2497.99163449361,1606.06770180963,151.484706834573,113760.125781212,4774.08272122259,1543.76056749697,10.6952268950905
21211,4105,2470.60879866925,1587.07593184616,135.718924080764,57470.8534911324,4893.84465787404,1442.76837766533,16.2066551868591
21216,4106,2511.39730274281,1582.75342989273,133.18455308256,93910.7631577789,5264.82955186885,1006.58968526759,6.71391366520482
21220,4107,2485.47470271523,1572.45582263717,109.281281788067,38630.6534751401,4722.29509872433,1285.61885845625,14.7201454042653
21323,4135,2481.46606134273,1589.36613696436,155.693151556235,73847.5489336105,5043.12845059992,1425.92385737574,15.9963505445247
21335,4138,2498.41563705318,1574.09229765271,141.505711140706,74524.6287897822,4757.97208278888,1402.99217043192,13.106898353554
21346,4141,2480.63483528505,1593.79145016379,148.861305061747,99426.3720597496,4541.90673282538,1038.92575331834,7.99479445331134
21349,4142,2497.55998027821,1594.46598760907,146.846770608007,119791.427180105,5059.72175480984,1060.39167929528,6.61064158859824
21355,4143,2486.82869602954,1580.80685508688,155.767998101112,79322.0400797316,4680.4627990723,1379.45365744976,14.4230039495369
21370,4146,2474.63988016523,1586.82205530136,157.838082569099,103777.769247028,5085.27349258987,1606.88287250396,13.1539957842827
21375,4147,2515.77368980527,1578.62442621024,103.456615155764,51495.3102955551,5179.39819219892,1594.64372398548,12.4869875523678
21440,4159,2487.88449286208,1579.13635688404,128.419834176913,108159.838734735,5072.54812379742,1415.43161705227,7.66677852347988
21444,4160,2502.60513730039,1585.00824562752,101.254204357023,47868.150769405,4973.54182052707,1422.2946720803,11.5655677771372
21454,4163,2510.45053621024,1611.89891443166,139.766131269135,102796.077217334,4982.53145958332,1449.6699681525,9.60589824303697
21459,4164,2480.94257184441,1620.75430818232,139.382769221757,50829.0859902853,4921.38343281549,1245.79858074567,16.6045264851256
21467,4166,2497.23962025498,1583.40663424389,114.918707902858,51823.9980712664,4712.55725520654,1359.58496871826,12.646923635277
21521,4176,2500.92874775354,1600.99589439216,178.756457639085,82375.5215840996,4071.13163686623,1303.23528610012,16.9424017219174
21528,4177,2485.88611493685,1628.37832097301,110.5592814136,38572.4163997524,4858.92013294082,1026.79111152979,12.0232567936276
21546,4183,2508.61308698871,1595.46890582987,113.117628805893,56315.3123691925,5099.44758273936,1512.75659836071,12.5990284539431
21575,4193,2484.0089043105,1580.85100496653,146.76483432368,79980.9266555092,5138.0340173544,1703.18804487158,15.8289236071813
21598,4197,2447.0146130448,1585.99235251802,121.549363148695,52786.47107235,4812.62495144279,947.698688394419,9.55915238404056
21637,4205,2510.04583683035,1596.41093073993,132.408173756129,145726.284874432,5388.07498096162,1712.510920304,7.26520651407459
21641,4206,2456.77124460693,1591.81652947736,138.772750408572,100814.74302374,5022.80024991222,1522.41792538077,10.1521901895209
21702,4220,2480.52237540518,1591.29100205498,144.293541164757,119033.540572571,4587.41397061784,1354.87563205597,8.21820803258739
21716,4224,2439.92827145007,1629.85051250857,182.203973104566,68399.6355243626,4339.17735256989,1232.56710303927,20.0011350452275
21724,4226,2447.78833600091,1608.75846493431,103.94472215296,30015.7424251168,5040.0751329711,1468.17696928238,19.8722127124922
21727,4227,2501.00307029375,1576.94645470894,131.948961676988,57962.9112704084,4659.99008535125,1229.41164132376,13.0306189691511
22442,4425,207.610311473225,53.9370371807636,87.6280417688844,25598.0029866295,5098.35692069889,1399.58567293717,16.8512966542938
22444,4426,220.271289178534,19.2644411507572,112.113417674937,46160.6027749863,5235.44416842948,1269.25112017163,12.7074153450321
22448,4427,301.753160223609,14.6993499073833,153.620058517354,43741.4754925922,4800.05778150139,1287.58928295096,23.7888901600013
22453,4428,216.09577810438,44.0211432372962,138.278719942444,42457.3045325775,5293.41039069219,1272.06953499758,20.0034571433205
22785,4520,1502.79350218012,2160.07835949269,122.077641095412,33613.5635728673,4911.4918041162,1301.15451697108,20.7132061481689
22800,4523,1527.30525449888,2105.35452524587,104.340567082254,36165.1179414492,5047.16721966634,983.885925652573,11.148005300838
22859,4539,1472.86104416021,2184.2351682935,115.422523496601,31282.4459502009,5111.46552232078,1154.89748739763,17.9309701533625
22900,4546,1444.90619615674,2090.72704464144,114.455051537625,37968.8160978324,4939.40776102119,1364.65717134335,17.1984419070151
22937,4557,1437.11629953219,2074.04314924212,26.3118230823154,19864.6352885518,5329.33904566214,1538.92166644546,6.88543492621151
22969,4565,1477.90433093535,2115.68499026581,76.1684121040469,26298.5751780649,4894.77637105646,1012.08374380704,9.61330988240815
22975,4566,1488.75994409824,2135.84890809963,104.249205043018,29204.9484717651,4846.12352783162,1168.80985721502,16.3525902878916
22982,4567,1474.31139866224,2108.90510795086,122.603749476837,41067.6206089974,4442.70552298167,1139.58636328278,14.9727520749102
22991,4568,1420.2609924376,2151.24960840426,157.721104881064,52326.8443766861,4587.7380179801,1293.97103731009,20.9783426060003
22996,4569,1463.86252377788,2108.28417382453,106.82655450183,32066.4315821795,5053.5159470537,1452.90939369955,19.2731805380478
23102,4600,1537.49109673461,2061.39749685086,74.9626282823615,24697.252417105,4901.48876656072,1066.80386100216,10.5371626804332
23115,4604,1418.78850013108,2161.69363102963,137.496977927947,36972.9538240767,4442.38252965514,1494.47340881686,26.6965654614544
23499,4712,1486.52083063112,2150.67139138984,118.224807317704,35002.5997263989,4832.13041192831,1178.69653786378,17.0485099135079
23512,4716,1433.46302731454,2114.01233418482,135.675411916946,37776.7674450067,4837.1253173727,1310.03264146972,22.3717065889373
24260,4917,1397.92145240335,2088.08718049607,136.346094704279,34927.1471999785,4876.16839557487,1476.15370707024,27.4957761686328
24444,4948,1451.2086293116,2110.07498990801,126.659196176388,38530.7507542804,5004.73527796977,1442.98048654948,21.3742034221447
24531,4964,298.803147602204,38.9761192900332,167.085825116112,59829.1541485201,4818.61267219486,1253.98672537271,19.7860645121053
24534,4965,371.648962548024,81.4262633842372,153.174655896972,48773.1570563694,4596.20359920113,999.764246569478,16.4974024144994
24539,4966,339.2612011817,103.813892119128,135.664259959816,56329.8659029041,4765.25561047613,1337.16764133706,15.3177746139296
24546,4967,314.278859996459,7.23195036073594,136.726269916508,51633.2254175423,5017.77303467573,1042.99519182736,13.232229413997
24557,4969,362.562013190367,58.734692877606,179.284787304404,56400.9010440769,4535.4837234998,982.885094943899,18.7790947132194
24891,5028,1408.34863073189,2112.86328566064,134.498254806063,43616.2339726726,4825.30678114695,1301.27369652985,18.9526263678334
26132,5309,345.177789641304,1571.60614796999,203.14360089867,65805.3874406731,4683.45519871484,1228.40544439023,25.4452353627971
26138,5310,315.748415348575,1593.56941276932,177.271836694813,56946.3001655614,4955.9544721705,1339.68342847243,24.7910571667979
26201,5327,257.295533585617,1586.94565491716,149.324831827504,60006.2144070823,5415.11347135845,1453.8003554014,18.5886718160864
26503,5393,333.600928104577,1567.3583515421,180.494012139174,76258.4434432517,5410.52668080117,1270.07128552295,18.1619695491246
26565,5407,323.145853982154,1641.8288074665,160.039299552776,45026.2363611013,5447.07859527284,1411.00387450373,27.2982480470454
26575,5409,275.870809789089,1558.10741183142,186.704729566496,94159.5084709692,5071.58027768382,1549.29023548983,19.1116233075557
26662,5428,352.692020864077,1522.63872250089,240.840731964251,79057.7873037044,4866.29907517217,1354.15431879463,32.3390284185205
29249,6229,2867.76444459257,703.872609792837,206.429646581091,80016.0510341765,5188.90937643377,1824.86700025002,32.0222597734354
29255,6230,2826.98863861362,744.210012770451,194.035492229171,76877.801054376,5260.36215953148,1491.64871988293,24.2342150310549
29260,6231,2795.55400837055,759.939559160335,240.249593906786,111310.585376486,4758.27191610942,1431.7778911992,24.1728727796914
29266,6233,2759.076310858,775.898802708514,169.200812216987,49312.3129019752,5379.69753796496,1585.92259113154,31.0518124956619
32908,7623,1262.96224366277,162.37570479498,113.429979126667,53621.9468192741,4976.71733756693,1492.62425296502,13.1173368405151
33856,7948,2631.12551507802,90.7850628622036,141.953772144294,57285.8527530042,4903.62442507004,1423.85642243,17.3965608960725
33866,7950,2635.5319434712,155.869908282752,86.4158161842096,46573.2594331811,5447.70995261242,1529.95010585943,9.91255814598631
33870,7951,2616.26543656068,116.418410377173,152.482080856914,52601.1683116777,4970.48066167554,1431.62479427028,21.6939559396819
33877,7957,2640.05887173683,127.979406875682,127.446778102896,88260.0109341045,5413.82754961108,1644.11710172765,10.7546366771609
33880,7958,2608.7454013296,146.103866447735,107.49948171671,78935.1810071326,5304.42052727935,1509.82447314366,8.23297958620558
33883,7959,2617.81882853613,128.801668266577,139.47866220012,58061.1589233379,4692.78860432927,1201.6298430205,14.043416830264
33885,7960,2604.44971051558,146.157186326858,125.255966048237,58370.1679647,5420.80260372571,1419.83732610658,13.6208265290542
33887,7961,2647.76980934812,139.972083356766,122.021672340071,77956.6429156025,4725.52705690523,1397.39307298568,9.59345276391339
33918,7968,2627.74688395348,150.912443729536,130.925675564803,100215.03728116,5306.64032176749,1544.28884983822,9.3358161130512
33935,7973,2614.68996205231,115.901958896171,80.0648291424304,40031.4407660527,5232.14991744746,1391.89070468858,9.34037944941764
33940,7974,2632.81902163595,139.601652888265,144.137937467348,95578.912915511,4600.46829725594,1627.90722674956,12.2567550736764
33944,7975,2601.97482513884,126.219709848887,126.697260777552,61562.5179297151,4788.53316482322,1238.42387365785,11.5021359398271
33949,7976,2635.30649238943,175.419153046696,129.773914463638,61463.4791817545,4670.07545709605,1371.13977221271,13.3010321042631
34081,8017,2618.88179208081,131.173581800751,129.628139241658,91070.0097974633,5190.99860762417,1405.28976210754,9.18781432041198
34084,8018,2621.05174816391,132.805461403514,123.155892112028,93913.5475896549,5294.08407877708,1293.03973657247,7.49601049419932
34089,8019,2648.05281102202,125.367368551921,140.044450208112,50762.3249343719,4597.87357417766,898.734945810134,12.1190710739121
34120,8024,2615.04027640123,128.202370271778,128.440708868074,48492.7313596243,5151.92060472266,1460.52516490023,17.6225296741088
34125,8025,2611.35403715798,131.260116437948,150.157517185413,82358.3087408851,5259.65435918161,1189.97465125883,11.2142469340859
34130,8026,2571.3654186759,168.685519444618,134.191717370779,52894.6706487624,4412.71380703045,1315.97204292749,15.7434741419894
34164,8032,2640.41902811794,151.484804042564,138.585860719116,43251.6393518817,4872.3182623723,1124.76800659887,17.4407843262542
34168,8033,2645.65664757454,152.120663303605,120.198391192114,69119.6991352914,5159.7879070147,1554.19266940509,11.7137537732243
34172,8034,2675.18611128423,190.332467267144,128.985633910508,48908.4385281373,4807.55931032412,1053.73727286777,12.7201206008979
37692,9597,2806.94267311591,1944.7839784082,146.07043659059,39500.6823205795,4279.20845695958,1115.81435136767,20.831920872913
37705,9601,2898.60764520759,1859.18477429385,177.017302455688,50091.0542088155,4589.12869804534,1417.45137103724,29.7321741113936
38065,9761,223.462199617603,939.58358814898,128.739403274238,92503.6595465798,4569.59244585767,1354.98057540982,8.61826243622673
38066,9762,207.699558108437,939.365954219349,110.960663358685,87870.6088629303,4529.36633734609,1235.7375874202,6.39761707544749
38071,9763,214.472788619853,945.278581906023,130.144449205627,82707.6613643223,5088.60636614314,1347.54024800702,9.76985041347277
38077,9764,190.354653992639,917.870558194914,109.674444503353,90698.0595863679,5085.7483852748,1430.5542138624,7.02755921303466
38080,9765,186.616601588004,922.128881419063,102.050532465,64734.5366069525,4904.3085911378,1350.69615012332,8.23523833271204
38084,9766,191.537226916502,926.328640453423,105.014900887178,72208.9494648438,5156.35625813339,1459.22061387513,8.36343908380079
38089,9767,201.396737811308,957.616546515255,101.52038321854,63003.9227729457,4759.24790063608,1181.24578716099,7.34299325450209
38095,9768,192.074587420961,926.231966177002,123.295566668485,81438.7394798472,4909.95013140353,1361.85233438008,9.11585869161421
38100,9769,196.854309251139,951.026477327454,136.410146113304,93884.2781950205,4463.55463926143,1737.0283071666,12.052750070092
38105,9770,180.625113473685,907.473841916526,130.357141874918,60395.6189177355,4591.30789093194,1168.17091424235,11.6335307290488
38195,9810,216.378228875012,947.126393629616,109.269182452787,94877.6448542211,5062.32662936397,1591.47868988763,7.42278219191179
38198,9811,175.10085350406,929.018556219096,117.68847643951,98692.6462886432,5140.50768094202,1158.48967811234,5.91254105111097
38200,9812,209.39008506724,918.959397788349,117.154745263489,84613.6975314845,4605.24280113901,1242.95718735126,7.33276157794337
38201,9813,198.288348214846,944.677949004996,122.491072448666,126215.023086701,5109.98946939875,1494.39944403295,6.38444172856788
38204,9814,210.450386832032,937.587382340735,103.963078644626,93631.357920942,4927.45267236242,1467.4399616455,6.38241640154445
38206,9815,185.718798507703,932.207799111489,109.548795523351,87398.7616255143,4938.74662305268,1037.16085899805,5.29206337892729
38209,9816,227.669322765832,948.294220623444,111.774732570488,111438.521026052,5100.02777712053,1458.9572689061,6.02706601143979
38211,9817,205.479457196197,933.549652163572,116.612753238915,91985.9796241903,4689.82620548029,1337.93969301116,7.20054912954239
38213,9818,213.435681234718,924.029208649328,115.689302442338,99347.1251492024,4970.6701416708,1407.21809262329,6.91596105312051
38216,9819,193.842754056557,930.592627174396,143.45279800989,107035.703929846,4556.05460374431,1201.9507226138,8.0269046139941
38237,9829,211.829246924157,948.874481152361,111.613249204054,106282.60089112,4994.6741071955,1112.2223028253,4.81754321531241
38240,9830,200.501595820959,916.028352557045,116.001119998931,84047.3278225391,4884.8508865812,1208.26306749383,7.05622439857014
38246,9834,193.571652050618,938.580419659316,111.939396839353,102881.308562772,4648.07257685344,1363.26492126159,6.11714779874895
38247,9835,201.968713105642,930.583941667865,115.364802735561,85682.8979437027,4902.2141528305,1602.94983972701,9.07984755093643
38248,9836,186.111936971225,927.036023819397,106.604458023208,65723.0216922808,5052.07161924865,1370.83886412438,8.85368237872792
38250,9837,214.700474246503,927.028368016639,120.356424835056,99488.7779650647,4513.68418990269,1186.13707864521,6.24163544115142
38252,9838,200.537317229449,948.809853109688,113.894910469908,90785.2779380169,4802.47799973951,1319.63094993405,6.91066750940886
38253,9839,220.426275896411,953.45971504632,104.936240565045,83323.0601738595,4766.02895235822,1181.49335394794,5.8731668149636
38254,9840,207.430930342023,938.333081293549,102.441404093696,71010.39427546,5178.7370119411,1411.56189383532,7.89520566351846
38257,9841,200.033709808336,912.557543822644,106.988258912985,76295.289093104,4809.81144251413,1273.42414450198,7.13422867713084
38260,9842,185.525145717369,929.545239847517,122.031129592634,97223.094717918,4868.85692376886,1634.65768765975,8.99628778222234
38263,9843,194.395394000596,950.043204474681,110.425743293,105800.08011474,5188.86929760277,1638.95550301429,6.979150734277
38265,9844,196.834304809159,947.538496641944,127.840830577108,98473.6468162432,4924.73380683659,1390.82559724222,8.20771374822865
38267,9845,203.062781705674,957.285898702299,122.333447801123,95845.6404342564,5296.59868062068,1473.91237311556,8.26822068697792
38269,9846,203.064135079756,911.532215274259,116.881181327928,99126.5649255861,4778.205477164,1219.49198380069,6.12064513460744
38271,9847,190.857227941782,909.38017081462,134.52027210269,96927.7654839216,4569.33690012783,1467.1924495451,9.62550931048622
38275,9848,200.309806034882,930.582548239112,110.577621929889,95352.4289192213,4803.62102388659,1224.42956729996,5.8097782233534
38279,9849,187.416616213308,957.845860544767,114.515390484196,88441.7783495783,4816.39341538213,1474.87238310972,7.99585906515295
38282,9850,201.311301951278,923.341984118302,115.931329829012,110120.894200016,4762.38755765704,1407.07036858038,6.26313617911489
38285,9851,197.693937812066,941.50763068493,125.611237591754,115268.684692647,5008.68516300826,1492.58938663021,7.29496679842234
38287,9852,191.657206261072,940.792366886857,128.994035377869,97190.6689522051,5000.03214403185,1381.49131680124,8.39241098066571
38290,9853,204.902600479287,941.197487002071,128.713594663417,97514.3761169864,4779.51934610239,1424.12199526594,8.58803872272472
38293,9854,202.997587558148,949.541707485063,121.992715570098,101382.602861227,4840.59677036769,1312.67160277733,6.93418853529408
38296,9855,199.138603478063,926.656430742521,127.090686415341,94457.4847346009,4936.76175474582,1192.32949082528,7.26689770952155
38308,9861,217.622362622536,960.52010803785,125.636485558973,71317.4212016865,4991.27636651875,1324.57828201929,10.4628821986895
38311,9862,207.41387044845,942.893917039924,121.592382627172,114576.752283277,5220.94956764893,1554.0767347789,7.21662610228679
38314,9863,220.007999906367,940.795778208631,118.028968779019,131617.937626856,5167.4061620723,1470.72204252371,5.6506359249198
38316,9864,192.312860495276,966.350611248639,113.469611794256,36178.8123321558,4717.30440384977,1383.56196348032,18.0279678422807
38324,9870,218.115961099076,943.206147752797,123.525230820073,83107.8521544776,4653.82009748947,1317.79718697664,8.67417272396707
38325,9871,212.59938594386,938.706490395849,121.918441216339,81752.362419021,4632.30675304215,1413.20115114528,9.23823237535907
39691,10505,889.957914675244,92.4881248107122,131.364165851624,30932.1256289795,5142.95180857298,1276.55203273299,25.130417615194
41158,11300,1565.49567287129,2517.16524127974,137.277632656623,158998.130688826,5095.22766722701,1596.0447479377,6.62353199035863
41161,11301,1544.64717902294,2522.13948390353,127.581009383781,118828.319907481,6217.31835774532,1408.55175971058,6.86671184407227
41164,11302,1537.52164563161,2504.69208356363,128.077110132112,125844.52197263,5278.56749483347,1676.42947710484,7.76266770414954
41167,11303,1552.90438970762,2515.44353750943,132.987610617343,143773.367489707,5061.07817860067,1502.98853535161,6.51846328571948
41170,11304,1542.47964027447,2512.04043541811,135.460988033471,111315.582636384,4585.3705142679,1054.46553799586,6.11690870684049
41173,11305,1515.11364318033,2495.77906344521,99.832111220539,42029.7735595321,5028.50556319233,1244.981770723,11.2692031045142
41176,11306,1553.5047508545,2493.73321667749,126.802753667949,102553.264523868,5009.31909292423,1111.47186904211,6.22025647918195
41178,11307,1535.79406610876,2526.85157873088,143.577069172447,71111.0038469978,4779.16742825597,1550.6934250481,15.5790998518675
41189,11320,1546.01112765331,2507.12823465755,154.160635587736,154122.161658301,5094.13494949733,1699.65553511946,8.97528256829883
41194,11324,1533.75993433615,2521.36035927885,142.941659295593,129779.621027037,5154.31932368882,1643.99125639889,8.98369893880623
41196,11325,1559.5337333412,2513.59358854984,124.274288674923,113692.083792718,5215.76497993197,1504.07238203206,7.31375345478491
41198,11326,1546.86347914035,2512.36348087252,140.58266150754,141705.4857823,5127.70994657794,1418.69384039812,6.89764045119678
41201,11327,1552.08842551517,2515.64276333009,132.893964085678,142823.76976354,5255.5585095796,1313.5197638262,5.73342061851799
41204,11328,1552.58955011613,2492.12025143025,124.352554960149,139515.918371192,5727.70183698856,1786.42833066041,7.08296735708321
41206,11329,1563.55633828832,2505.47964261585,131.225292909182,123121.56683718,5316.25045784228,1260.0468582487,6.23745214417275
41209,11330,1530.06570224233,2521.63109739094,127.501567867704,99842.2320854384,4950.58008353906,1405.47155367037,8.14193993444546
41211,11331,1559.40291735631,2508.72657965332,120.170998147758,111361.373767219,5091.17023117549,1912.14052693846,8.94039664283295
41213,11332,1543.64399492408,2509.57698456155,113.632415386225,113707.549497508,5845.15746579081,1562.63320020429,6.50427669089993
41216,11333,1542.66444389401,2523.64752206745,125.185907072286,143907.157009618,4828.53706375239,1766.36454919226,6.87069008371856
41218,11334,1533.72161581574,2503.19301774178,119.642980716836,105272.127463767,5083.31415199407,1208.91084978333,5.95055303203785
41221,11335,1548.09484919283,2489.09221453661,123.779040245937,135044.283493738,5410.04336590095,1475.69796752388,6.00288568108663
41223,11336,1542.53187859991,2505.29990660177,105.806606805356,95824.787935202,5429.75540568137,1540.74411697542,6.74109786814298
41226,11337,1558.39508193429,2506.04904097605,115.217976609981,136159.74714987,5648.15965058685,1576.75642757123,5.61530137285886
41230,11338,1552.18814559952,2510.00137782846,128.160889698044,124486.061761434,5340.53669377062,1823.73281905666,8.54296274426491
41232,11339,1558.11292252081,2499.21218604533,126.299859802951,124458.743883829,4918.60868945897,1504.44803452946,6.87682065715196
41236,11342,1551.2121666667,2504.02374302584,142.685717422042,118030.687327988,5034.01544497519,1205.07141245143,7.22981189463944
41238,11343,1505.1211128361,2551.52963199783,154.379314846841,43548.6735199778,4264.86584449515,1428.62696800349,26.7438030434806
42373,12100,2142.61009656559,716.005519352941,152.029012307658,37741.0399435241,4742.32682606811,1123.88208631456,23.6189878522246
42731,12526,1405.76597092835,115.855174669938,137.773715661873,40151.3156033466,4399.73736024967,1264.39344174174,20.8860854160321
42732,12527,1409.01351205853,84.233343196629,165.181744223301,90478.252583213,5044.23818891536,1343.31557236251,13.7247504885097
42734,12528,1395.25121894938,84.1852179742964,170.268172116533,94625.4267298932,5149.81927692925,1513.82053780249,15.6389779083124
42736,12529,1394.07918216213,80.6701108573034,164.011524562613,179594.806642187,6096.37307405232,1684.67231512617,8.55930707268535
42739,12530,1379.81218407652,115.281802883543,179.530499799288,215833.101429864,5475.54954935833,1785.34763959459,8.9316167562969
42741,12531,1419.90106304607,114.301536831259,162.102585423533,196255.704189352,5885.58042699359,1905.96157356193,8.66826618628854
42743,12532,1390.24349203828,102.482610719053,192.79530169637,105457.056849129,4565.29090314252,1140.98631262215,13.3699485919229
42839,12601,1373.47467454289,2619.81180561507,156.510188313734,46535.8542684366,4486.25449738726,1124.03885846208,20.210763587556
42841,12602,1326.9603879753,2605.49639071746,176.954767093359,57875.1479245003,4138.81971164843,1060.72730209276,19.2663813954809
42875,12645,1390.49391001492,2579.11240851891,97.7251031791253,44914.122523937,4971.43253887383,1221.09824323721,9.99071084603144
42888,12653,1380.74707337817,2562.59673346377,117.939769881754,73082.7055064389,4640.42598172122,1380.48442055559,9.52825538313186
42889,12654,1391.18946790051,2561.14001117375,88.5614705767307,57622.7966907662,5083.79288342733,1330.5747850139,7.24926217829458
42890,12656,1368.23156566192,2605.43997317494,102.73689499423,37896.6975318634,4386.86023692351,1139.87001201559,12.0017261855952
44173,13997,2043.19031327464,1049.08158132327,135.012352280579,52459.6232865538,5193.86656316712,1649.13955003044,20.0951775732982
44538,14232,1635.38676797923,2673.56377135217,183.185743665948,60869.2828170579,4219.84220005265,1354.02273748828,24.9298966827384
44718,14445,499.414270682872,569.793606950894,103.025421272952,41806.2818506997,4178.98354657744,1170.24623838219,11.222071197383
44726,14449,479.521733014488,520.060100343031,102.182449210711,30563.4789215842,4238.81160068647,1201.1975882976,15.531667752349
44731,14451,507.074561546426,555.371810258024,77.0446483188905,24084.920297745,4629.46345431381,1072.93697131662,11.3085737894929
44734,14453,473.199257550317,553.822197407848,108.6419247518,58118.6724102597,4106.6623271451,1350.18063346917,10.1790317154906
44737,14455,463.49864074351,537.522053330038,112.514500741078,66109.695585382,4705.18347255704,1217.43377646317,8.57157480810415
44739,14456,463.900414451666,566.042632505927,113.750401356742,50313.7409875922,4593.95708437904,1199.69789394262,11.3014493503353
44741,14457,460.819068267541,526.705834058492,133.800992456274,41195.4441485095,4309.97078353411,1422.3578331974,21.7230095662521
44760,14464,463.746380471384,545.003607980219,121.825472413336,44357.0419726602,4533.26874680662,1340.86876029168,16.1206355861521
44766,14466,479.385512649187,530.175425610476,109.907246721838,55152.8403944601,4492.69472577752,1194.53068296089,9.68361776774918
44797,14477,498.666270245703,550.651364591373,118.205029858641,35243.4731352241,4610.37139860224,1258.18867243124,18.0639425066235
44801,14478,489.342523483338,544.989542965835,105.12129837442,31545.9498786386,4268.05835485542,1103.22319773352,14.4957941723067
44826,14495,488.063459266094,563.707148105634,135.794355729988,54055.5705396804,4322.2664328855,1094.55955882249,13.1003202960472
45204,14938,464.840733151075,1625.87651727266,134.572987673818,38231.889210815,4695.01416479934,1088.96558892121,18.122197844375
45206,14941,458.975838486498,1640.93496754205,201.867888674618,71358.417503539,4356.82093500624,1351.52108975159,25.5039832628428
45220,14948,415.313124261185,1619.70221240514,156.034232720691,60849.3467409923,4294.13353850046,974.682584369432,13.3437327959317
45233,14957,426.839633121646,1615.28822819281,114.780918688548,50342.4997006864,4928.03666290168,1448.90207243829,13.8413512317057
45452,15129,717.894414168968,1449.48128213613,143.205895051061,169750.135996541,6460.28173051296,2241.93369853738,9.38967657155062
45454,15130,748.115848627433,1437.59167599596,145.988406997989,194893.341420704,6012.79442254964,1624.59499568327,6.14806652803815
45456,15131,760.208499385415,1435.02534147268,159.46324545903,276338.680431757,7129.73263256022,2247.18248136758,7.04104196073046
45457,15132,762.010623906099,1435.08610398021,143.467215197353,186471.968221604,6565.88638613981,1981.79734262024,7.58577694983591
47777,17427,2529.24491238993,4.33189638132171,189.010942267201,85660.9422658014,4552.76724925336,1556.53907146727,21.5977804500143
47830,17450,2584.95028351857,9.27757683839809,182.310202680493,83731.2951093301,4929.53573018935,1970.33328428149,26.1172298806503
48096,17721,1795.0135434536,2944.71890748547,158.573090734728,45473.9736592226,4531.49081667991,1290.78673678848,24.317219693599
48100,17723,1871.89687000692,2999.88623402547,194.115596490549,78938.6941864587,4032.90596582437,1412.25618215459,22.3668631203379
48102,17727,1877.05253042326,2980.54191203616,134.44830893717,46281.9584031582,4696.73915732921,1067.9156921213,14.6624121576507
48125,17764,1812.40530849783,2930.06639884902,149.49861922623,40177.0949036,4774.63212499402,1251.00758858661,23.943347729855
48126,17765,1852.55839597512,2962.88325621199,144.423168938226,86052.9240447954,5012.0240980144,1502.37028403635,12.6110048932483
48129,17766,1845.26968844181,2986.6077832956,162.754062504185,67336.4155283128,4595.98783009986,1347.48520260129,17.9914626660347
48131,17767,1953.95068450464,2996.28797780845,93.3826043977786,26092.7487227254,5349.23540692722,1464.78699797166,19.1339260768138
48133,17768,1798.23892275504,2996.79882013066,103.16809468563,29064.3241969713,4530.28302506957,1313.01045546598,18.1321847558409
48136,17771,1820.87284462835,2909.16142499464,164.520350309204,44853.231957897,4633.38472371623,1166.20022719819,23.8494943236649
48137,17772,1804.07838708213,2993.51424782522,160.139032720997,53517.326952348,4456.11063290423,1368.50993643097,22.3062650904541
48139,17773,1802.17009406967,2903.66972229569,153.780126090365,43797.1690543114,4878.69224135798,1315.60817503158,24.3203759066459
48932,18338,1467.31699363263,39.4341582138586,136.343450426109,112343.470268257,4849.90334753714,1497.09354773447,8.68212844316884
48935,18339,1434.8151796584,51.260720011087,157.917093241382,209137.315761993,5124.48713047998,2060.25099341654,8.37708315049763
48938,18340,1457.2194229828,51.2556927200822,144.25136867571,197685.675245999,5720.36285877989,1862.58786827823,6.79467073737927
48941,18341,1463.19662065162,30.7965437060338,132.627234862857,217635.40655557,6185.33163613704,2295.55071858034,6.53588898137281
48945,18342,1464.62034398035,40.2143606791651,113.383901786097,157931.306749046,6311.63973666544,2141.56129696362,6.38724924990074
48949,18343,1450.08596362261,41.0048913917417,133.089314046104,165282.753568869,5754.37913930003,1967.32945393082,7.42285736831891
48953,18344,1456.27206230509,23.7443057768905,127.930501961832,155979.290838613,5761.92333716447,1900.27719342672,7.08343100024894
48958,18345,1453.02730379353,43.9350464627969,134.975072733996,203174.93457797,5650.44794323105,2247.6900758957,7.0728247634369
48963,18346,1452.97876368742,39.8157143648095,124.132221130337,152706.061795616,6246.53094842429,2016.37250090742,7.2782961811796
48967,18347,1450.22228875155,39.544320156132,129.436778255864,142239.171398728,5476.36451659398,1915.44880258683,7.99166223288078
48970,18348,1463.00533156897,36.0893508090157,124.38641878088,133440.612235137,5567.85373011563,1573.46872986786,6.53006191537271
48973,18349,1476.4604664474,35.9336120447879,131.699004710751,40467.9465587326,4879.86449464338,1046.26059744957,15.833046306298
48976,18350,1454.51131505561,46.3832137630197,144.027173758033,178502.016923603,5348.34868696212,2218.17150578877,8.92755262266669
48979,18351,1454.56369370502,47.1999115068866,139.816342808383,190310.439779382,5666.86305242744,2747.93510957522,9.82619824703247
48983,18352,1406.68427307755,139.724122897089,270.946333976918,100781.608844013,3954.79624587198,1372.98217992985,32.309981446903
49065,18401,1478.74892576547,74.9408305118632,140.574064558464,55096.2557799354,5001.81792691428,1228.73555208921,15.3447802817816
49067,18402,1449.5250862628,30.1565638715983,235.469652015764,76008.7490269806,4435.6801992688,1188.60365555412,28.2789285864928
49069,18403,1450.23410923137,41.430765671932,107.980739794702,72858.4432725515,5213.1816868741,1458.37570249618,8.68096848288751
49070,18404,1466.79064534268,37.7838627002529,86.2846600503558,39927.152031844,5187.64425071739,1198.45243246928,9.04562530430652
49071,18405,1495.03101233282,20.3626100705551,166.526218088802,54712.7198082373,4805.1679296769,1270.63524176174,21.7843926059088
50598,20563,664.855153614928,938.088714923684,119.204718568145,51961.3893156852,4347.81834555197,1117.23767206152,11.0535162927701
50602,20565,687.671541311141,962.5461365058,145.345284184446,44124.5299315953,4484.4608334883,1164.6280797817,19.2890363571973
50646,20613,644.281115134578,943.770529077316,26.975287413505,24810.3049688083,4797.65938795305,1257.46650200657,4.57256432604252
